{
  "configVersion": 2,
  "blurContainers": true,
  "blurTitleScreen": false,
  "darkenTitleScreen": false,
  "excludedScreens": [
    "net.irisshaders.iris.gui.screen.ShaderPackScreen"
  ],
  "forceEnabledScreens": [
    "dev.emi.emi.screen.RecipeScreen"
  ],
  "forceDisabledScreens": [],
  "useGradient": true,
  "gradientStart": "#000000",
  "gradientStartAlpha": 75,
  "gradientEnd": "#000000",
  "gradientEndAlpha": 75,
  "gradientRotation": 0,
  "rainbowMode": false,
  "fadeTimeMillis": 300,
  "fadeOutTimeMillis": 300,
  "animationCurve": "FLAT"
}