{
  "timeLivedMessages": [
    {
      "minDaysLived": 500.0,
      "message": "Incredible! You lived for {daysLived} day(s)! You\u0027re a legend!"
    },
    {
      "minDaysLived": 366.0,
      "message": "Amazing! You lived for {daysLived} day(s). That\u0027s seriously impressive!"
    },
    {
      "minDaysLived": 365.0,
      "message": "Amazing! You lived for {daysLived} day(s). That\u0027s a whole Minecraft year!"
    },
    {
      "minDaysLived": 100.0,
      "message": "Wow! You lived for {daysLived} day(s). That is quite an accomplishment!"
    },
    {
      "minDaysLived": 1.0,
      "message": "Congrats, you lived for {daysLived} day(s)."
    },
    {
      "minDaysLived": 0.5,
      "message": "You lived for {daysLived} day(s). How about we try that again, shall we?"
    },
    {
      "minDaysLived": 0.1,
      "message": "You lived for {daysLived} day(s). Let\u0027s see if we can last a bit longer next time."
    },
    {
      "minDaysLived": 0.0,
      "message": "You lived for {daysLived} day(s). Maybe next time will be better."
    }
  ],
  "timeLivedMessagesToOthers": [
    {
      "minDaysLived": 500.0,
      "message": "Incredible! {playerName} lived for {daysLived} day(s)! Legendary!"
    },
    {
      "minDaysLived": 366.0,
      "message": "Amazing! {playerName} lived for {daysLived} day(s). That\u0027s seriously impressive!"
    },
    {
      "minDaysLived": 365.0,
      "message": "Amazing! {playerName} lived for {daysLived} day(s). That\u0027s a whole Minecraft year!"
    },
    {
      "minDaysLived": 100.0,
      "message": "Wow! {playerName} lived for {daysLived} day(s). That is quite an accomplishment!"
    },
    {
      "minDaysLived": 1.0,
      "message": "{playerName} lived for {daysLived} day(s)."
    },
    {
      "minDaysLived": 0.0,
      "message": "{playerName} only lived for {daysLived} day(s). Let\u0027s give them some encouragement!"
    }
  ],
  "newRecordMessage": "All right! New record! You surpassed your previous record of {previousDaysLived} day(s)!",
  "newRecordMessageToOthers": "All right! {playerName} surpassed their previous record of {previousDaysLived} day(s)!",
  "queryPlayerMessage": "{playerName} has lived for {daysLived} day(s). Previous record is {previousDaysLived} day(s).",
  "queryWorldRecordMessage": "The current record holder for longest time lived is {playerName}, surviving a total of {daysLived} day(s).",
  "statsNotFoundMessage": "Statistics not found for {playerName}.",
  "timeTravelMessage": "Wait... did you travel back in time?",
  "enableMessagesToOthers": true
}